unique_name,game,move_name,learn_method,level
charmander,SV,Roar,TM,
charmeleon,SV,Roar,TM,
charizard,SV,Roar,TM,
vulpix,SV,Roar,TM,
vulpix-alola,SV,Roar,TM,
ninetales,SV,Roar,TM,
ninetales-alola,SV,Roar,TM,
persian,SV,Roar,TM,
persian-alola,SV,Roar,TM,
growlithe,SV,Roar,TM,
growlithe-hisui,SV,Roar,TM,
arcanine,SV,Roar,TM,
arcanine-hisui,SV,Roar,TM,
golem,SV,Roar,TM,
golem-alola,SV,Roar,TM,
gyarados,SV,Roar,TM,
eevee,SV,Roar,TM,
vaporeon,SV,Roar,TM,
jolteon,SV,Roar,TM,
flareon,SV,Roar,TM,
articuno,SV,Roar,TM,
moltres,SV,Roar,TM,
dragonite,SV,Roar,TM,
mew,SV,Roar,TM,
cyndaquil,SV,Roar,TM,
quilava,SV,Roar,TM,
typhlosion,SV,Roar,TM,
typhlosion-hisui,SV,Roar,TM,
flaaffy,SV,Roar,TM,
ampharos,SV,Roar,TM,
espeon,SV,Roar,TM,
umbreon,SV,Roar,TM,
swinub,SV,Roar,TM,
piloswine,SV,Roar,TM,
houndour,SV,Roar,TM,
houndoom,SV,Roar,TM,
phanpy,SV,Roar,TM,
donphan,SV,Roar,TM,
stantler,SV,Roar,TM,
tyranitar,SV,Roar,TM,
poochyena,SV,Roar,TM,
mightyena,SV,Roar,TM,
vigoroth,SV,Roar,TM,
slaking,SV,Roar,TM,
numel,SV,Roar,TM,
camerupt,SV,Roar,TM,
altaria,SV,Roar,TM,
zangoose,SV,Roar,TM,
tropius,SV,Roar,TM,
bagon,SV,Roar,TM,
shelgon,SV,Roar,TM,
salamence,SV,Roar,TM,
kyogre,SV,Roar,TM,
groudon,SV,Roar,TM,
rayquaza,SV,Roar,TM,
turtwig,SV,Roar,TM,
grotle,SV,Roar,TM,
torterra,SV,Roar,TM,
infernape,SV,Roar,TM,
empoleon,SV,Roar,TM,
shinx,SV,Roar,TM,
luxio,SV,Roar,TM,
luxray,SV,Roar,TM,
buizel,SV,Roar,TM,
floatzel,SV,Roar,TM,
stunky,SV,Roar,TM,
skuntank,SV,Roar,TM,
lucario,SV,Roar,TM,
hippopotas,SV,Roar,TM,
hippowdon,SV,Roar,TM,
leafeon,SV,Roar,TM,
glaceon,SV,Roar,TM,
mamoswine,SV,Roar,TM,
dialga,SV,Roar,TM,
palkia,SV,Roar,TM,
giratina-altered,SV,Roar,TM,
giratina-origin,SV,Roar,TM,
arceus,SV,Roar,TM,
sandile,SV,Roar,TM,
krokorok,SV,Roar,TM,
krookodile,SV,Roar,TM,
zorua,SV,Roar,TM,
zorua-hisui,SV,Roar,TM,
zoroark,SV,Roar,TM,
zoroark-hisui,SV,Roar,TM,
axew,SV,Roar,TM,
fraxure,SV,Roar,TM,
haxorus,SV,Roar,TM,
beartic,SV,Roar,TM,
deino,SV,Roar,TM,
zweilous,SV,Roar,TM,
hydreigon,SV,Roar,TM,
chespin,SV,Roar,TM,
quilladin,SV,Roar,TM,
chesnaught,SV,Roar,TM,
litleo,SV,Roar,TM,
pyroar,SV,Roar,TM,
skiddo,SV,Roar,TM,
gogoat,SV,Roar,TM,
sylveon,SV,Roar,TM,
volcanion,SV,Roar,TM,
gumshoos,SV,Roar,TM,
rockruff,SV,Roar,TM,
lycanroc-midday,SV,Roar,TM,
lycanroc-midnight,SV,Roar,TM,
lycanroc-dusk,SV,Roar,TM,
mudbray,SV,Roar,TM,
mudsdale,SV,Roar,TM,
jangmo-o,SV,Roar,TM,
hakamo-o,SV,Roar,TM,
kommo-o,SV,Roar,TM,
zamazenta,SV,Roar,TM,
urshifu-single,SV,Roar,TM,
zarude,SV,Roar,TM,
glastrier,SV,Roar,TM,
wyrdeer,SV,Roar,TM,
ursaluna,SV,Roar,TM,
ursaluna-bloodmoon,SV,Roar,TM,
fuecoco,SV,Roar,TM,
crocalor,SV,Roar,TM,
skeledirge,SV,Roar,TM,
fidough,SV,Roar,TM,
dachsbun,SV,Roar,TM,
maschiff,SV,Roar,TM,
mabosstiff,SV,Roar,TM,
greavard,SV,Roar,TM,
houndstone,SV,Roar,TM,
farigiraf,SV,Roar,TM,
great-tusk,SV,Roar,TM,
scream-tail,SV,Roar,TM,
iron-jugulis,SV,Roar,TM,
roaring-moon,SV,Roar,TM,
koraidon,SV,Roar,TM,
walking-wake,SV,Roar,TM,
okidogi,SV,Roar,TM,
pikachu,SV,Charge,TM,
raichu,SV,Charge,TM,
raichu-alola,SV,Charge,TM,
geodude-alola,SV,Charge,TM,
graveler-alola,SV,Charge,TM,
golem-alola,SV,Charge,TM,
magnemite,SV,Charge,TM,
magneton,SV,Charge,TM,
voltorb,SV,Charge,TM,
voltorb-hisui,SV,Charge,TM,
electrode,SV,Charge,TM,
electrode-hisui,SV,Charge,TM,
jolteon,SV,Charge,TM,
zapdos,SV,Charge,TM,
mew,SV,Charge,TM,
pichu,SV,Charge,TM,
mareep,SV,Charge,TM,
flaaffy,SV,Charge,TM,
ampharos,SV,Charge,TM,
shinx,SV,Charge,TM,
luxio,SV,Charge,TM,
luxray,SV,Charge,TM,
pachirisu,SV,Charge,TM,
magnezone,SV,Charge,TM,
rotom,SV,Charge,TM,
rotom-frost,SV,Charge,TM,
rotom-heat,SV,Charge,TM,
rotom-mow,SV,Charge,TM,
rotom-fan,SV,Charge,TM,
rotom-wash,SV,Charge,TM,
tynamo,SV,Charge,TM,
eelektrik,SV,Charge,TM,
eelektross,SV,Charge,TM,
thundurus-incarnate,SV,Charge,TM,
thundurus-therian,SV,Charge,TM,
dedenne,SV,Charge,TM,
grubbin,SV,Charge,TM,
charjabug,SV,Charge,TM,
vikavolt,SV,Charge,TM,
toxtricity-amped,SV,Charge,TM,
toxtricity-low-key,SV,Charge,TM,
pincurchin,SV,Charge,TM,
morpeko-full-belly,SV,Charge,TM,
morpeko-hangry,SV,Charge,TM,
regieleki,SV,Charge,TM,
pawmi,SV,Charge,TM,
pawmo,SV,Charge,TM,
pawmot,SV,Charge,TM,
tadbulb,SV,Charge,TM,
bellibolt,SV,Charge,TM,
wattrel,SV,Charge,TM,
kilowattrel,SV,Charge,TM,
sandy-shocks,SV,Charge,TM,
iron-hands,SV,Charge,TM,
iron-thorns,SV,Charge,TM,
miraidon,SV,Charge,TM,
ekans,SV,Haze,TM,
arbok,SV,Haze,TM,
psyduck,SV,Haze,TM,
golduck,SV,Haze,TM,
poliwag,SV,Haze,TM,
poliwhirl,SV,Haze,TM,
poliwrath,SV,Haze,TM,
slowbro-galar,SV,Haze,TM,
grimer,SV,Haze,TM,
muk,SV,Haze,TM,
muk-alola,SV,Haze,TM,
gastly,SV,Haze,TM,
haunter,SV,Haze,TM,
gengar,SV,Haze,TM,
drowzee,SV,Haze,TM,
hypno,SV,Haze,TM,
koffing,SV,Haze,TM,
weezing,SV,Haze,TM,
weezing-galar,SV,Haze,TM,
vaporeon,SV,Haze,TM,
articuno,SV,Haze,TM,
dratini,SV,Haze,TM,
dragonair,SV,Haze,TM,
dragonite,SV,Haze,TM,
mew,SV,Haze,TM,
hoothoot,SV,Haze,TM,
noctowl,SV,Haze,TM,
politoed,SV,Haze,TM,
wooper,SV,Haze,TM,
wooper-paldea,SV,Haze,TM,
quagsire,SV,Haze,TM,
murkrow,SV,Haze,TM,
qwilfish,SV,Haze,TM,
qwilfish-hisui,SV,Haze,TM,
swinub,SV,Haze,TM,
piloswine,SV,Haze,TM,
delibird,SV,Haze,TM,
surskit,SV,Haze,TM,
masquerain,SV,Haze,TM,
swablu,SV,Haze,TM,
altaria,SV,Haze,TM,
seviper,SV,Haze,TM,
feebas,SV,Haze,TM,
milotic,SV,Haze,TM,
duskull,SV,Haze,TM,
dusclops,SV,Haze,TM,
piplup,SV,Haze,TM,
prinplup,SV,Haze,TM,
empoleon,SV,Haze,TM,
drifloon,SV,Haze,TM,
drifblim,SV,Haze,TM,
honchkrow,SV,Haze,TM,
stunky,SV,Haze,TM,
skuntank,SV,Haze,TM,
glaceon,SV,Haze,TM,
mamoswine,SV,Haze,TM,
dusknoir,SV,Haze,TM,
froslass,SV,Haze,TM,
phione,SV,Haze,TM,
manaphy,SV,Haze,TM,
darkrai,SV,Haze,TM,
litwick,SV,Haze,TM,
lampent,SV,Haze,TM,
chandelure,SV,Haze,TM,
cryogonal,SV,Haze,TM,
greninja,SV,Haze,TM,
skrelp,SV,Haze,TM,
dragalge,SV,Haze,TM,
trevenant,SV,Haze,TM,
volcanion,SV,Haze,TM,
rowlet,SV,Haze,TM,
dartrix,SV,Haze,TM,
decidueye,SV,Haze,TM,
decidueye-hisui,SV,Haze,TM,
mareanie,SV,Haze,TM,
toxapex,SV,Haze,TM,
sobble,SV,Haze,TM,
drizzile,SV,Haze,TM,
inteleon,SV,Haze,TM,
spectrier,SV,Haze,TM,
overqwil,SV,Haze,TM,
finizen,SV,Haze,TM,
palafin-zero,SV,Haze,TM,
palafin-hero,SV,Haze,TM,
varoom,SV,Haze,TM,
revavroom,SV,Haze,TM,
clodsire,SV,Haze,TM,
chien-pao,SV,Haze,TM,
ekans,SV,Toxic,TM,
arbok,SV,Toxic,TM,
venonat,SV,Toxic,TM,
venomoth,SV,Toxic,TM,
bellsprout,SV,Toxic,TM,
weepinbell,SV,Toxic,TM,
victreebel,SV,Toxic,TM,
slowbro-galar,SV,Toxic,TM,
grimer,SV,Toxic,TM,
grimer-alola,SV,Toxic,TM,
muk,SV,Toxic,TM,
muk-alola,SV,Toxic,TM,
gastly,SV,Toxic,TM,
haunter,SV,Toxic,TM,
gengar,SV,Toxic,TM,
drowzee,SV,Toxic,TM,
hypno,SV,Toxic,TM,
koffing,SV,Toxic,TM,
weezing,SV,Toxic,TM,
weezing-galar,SV,Toxic,TM,
mew,SV,Toxic,TM,
spinarak,SV,Toxic,TM,
ariados,SV,Toxic,TM,
wooper,SV,Toxic,TM,
wooper-paldea,SV,Toxic,TM,
quagsire,SV,Toxic,TM,
umbreon,SV,Toxic,TM,
slowking-galar,SV,Toxic,TM,
dunsparce,SV,Toxic,TM,
gligar,SV,Toxic,TM,
qwilfish,SV,Toxic,TM,
qwilfish-hisui,SV,Toxic,TM,
sneasel-hisui,SV,Toxic,TM,
houndour,SV,Toxic,TM,
houndoom,SV,Toxic,TM,
shroomish,SV,Toxic,TM,
breloom,SV,Toxic,TM,
gulpin,SV,Toxic,TM,
swalot,SV,Toxic,TM,
seviper,SV,Toxic,TM,
vespiquen,SV,Toxic,TM,
stunky,SV,Toxic,TM,
skuntank,SV,Toxic,TM,
spiritomb,SV,Toxic,TM,
croagunk,SV,Toxic,TM,
toxicroak,SV,Toxic,TM,
gliscor,SV,Toxic,TM,
zoroark,SV,Toxic,TM,
foongus,SV,Toxic,TM,
amoonguss,SV,Toxic,TM,
vullaby,SV,Toxic,TM,
mandibuzz,SV,Toxic,TM,
skrelp,SV,Toxic,TM,
dragalge,SV,Toxic,TM,
sliggoo,SV,Toxic,TM,
goodra,SV,Toxic,TM,
trevenant,SV,Toxic,TM,
mareanie,SV,Toxic,TM,
toxapex,SV,Toxic,TM,
salandit,SV,Toxic,TM,
salazzle,SV,Toxic,TM,
toxtricity-amped,SV,Toxic,TM,
toxtricity-low-key,SV,Toxic,TM,
eternatus,SV,Toxic,TM,
sneasler,SV,Toxic,TM,
overqwil,SV,Toxic,TM,
bellibolt,SV,Toxic,TM,
shroodle,SV,Toxic,TM,
grafaiai,SV,Toxic,TM,
toedscool,SV,Toxic,TM,
toedscruel,SV,Toxic,TM,
varoom,SV,Toxic,TM,
revavroom,SV,Toxic,TM,
glimmet,SV,Toxic,TM,
glimmora,SV,Toxic,TM,
clodsire,SV,Toxic,TM,
dudunsparce-two-segment,SV,Toxic,TM,
dudunsparce-three-segment,SV,Toxic,TM,
iron-moth,SV,Toxic,TM,
okidogi,SV,Toxic,TM,
munkidori,SV,Toxic,TM,
fezandipiti,SV,Toxic,TM,
sandshrew,SV,Sand Tomb,TM,
sandslash,SV,Sand Tomb,TM,
diglett,SV,Sand Tomb,TM,
diglett-alola,SV,Sand Tomb,TM,
dugtrio,SV,Sand Tomb,TM,
dugtrio-alola,SV,Sand Tomb,TM,
mew,SV,Sand Tomb,TM,
sudowoodo,SV,Sand Tomb,TM,
pineco,SV,Sand Tomb,TM,
forretress,SV,Sand Tomb,TM,
gligar,SV,Sand Tomb,TM,
magcargo,SV,Sand Tomb,TM,
swinub,SV,Sand Tomb,TM,
piloswine,SV,Sand Tomb,TM,
phanpy,SV,Sand Tomb,TM,
donphan,SV,Sand Tomb,TM,
larvitar,SV,Sand Tomb,TM,
pupitar,SV,Sand Tomb,TM,
tyranitar,SV,Sand Tomb,TM,
nosepass,SV,Sand Tomb,TM,
whiscash,SV,Sand Tomb,TM,
groudon,SV,Sand Tomb,TM,
turtwig,SV,Sand Tomb,TM,
grotle,SV,Sand Tomb,TM,
torterra,SV,Sand Tomb,TM,
gastrodon,SV,Sand Tomb,TM,
bonsly,SV,Sand Tomb,TM,
gible,SV,Sand Tomb,TM,
gabite,SV,Sand Tomb,TM,
garchomp,SV,Sand Tomb,TM,
hippopotas,SV,Sand Tomb,TM,
hippowdon,SV,Sand Tomb,TM,
gliscor,SV,Sand Tomb,TM,
mamoswine,SV,Sand Tomb,TM,
probopass,SV,Sand Tomb,TM,
sandile,SV,Sand Tomb,TM,
krokorok,SV,Sand Tomb,TM,
krookodile,SV,Sand Tomb,TM,
landorus-incarnate,SV,Sand Tomb,TM,
landorus-therian,SV,Sand Tomb,TM,
carbink,SV,Sand Tomb,TM,
diancie,SV,Sand Tomb,TM,
mudbray,SV,Sand Tomb,TM,
mudsdale,SV,Sand Tomb,TM,
sandygast,SV,Sand Tomb,TM,
palossand,SV,Sand Tomb,TM,
drednaw,SV,Sand Tomb,TM,
rolycoly,SV,Sand Tomb,TM,
carkol,SV,Sand Tomb,TM,
coalossal,SV,Sand Tomb,TM,
silicobra,SV,Sand Tomb,TM,
sandaconda,SV,Sand Tomb,TM,
stonjourner,SV,Sand Tomb,TM,
orthworm,SV,Sand Tomb,TM,
glimmet,SV,Sand Tomb,TM,
glimmora,SV,Sand Tomb,TM,
sandy-shocks,SV,Sand Tomb,TM,
iron-thorns,SV,Sand Tomb,TM,
ting-lu,SV,Sand Tomb,TM,
ekans,SV,Spite,TM,
arbok,SV,Spite,TM,
vulpix,SV,Spite,TM,
vulpix-alola,SV,Spite,TM,
ninetales,SV,Spite,TM,
ninetales-alola,SV,Spite,TM,
meowth,SV,Spite,TM,
meowth-alola,SV,Spite,TM,
meowth-galar,SV,Spite,TM,
persian,SV,Spite,TM,
persian-alola,SV,Spite,TM,
mankey,SV,Spite,TM,
primeape,SV,Spite,TM,
grimer-alola,SV,Spite,TM,
muk,SV,Spite,TM,
muk-alola,SV,Spite,TM,
gastly,SV,Spite,TM,
haunter,SV,Spite,TM,
gengar,SV,Spite,TM,
koffing,SV,Spite,TM,
weezing,SV,Spite,TM,
weezing-galar,SV,Spite,TM,
gyarados,SV,Spite,TM,
moltres-galar,SV,Spite,TM,
mewtwo,SV,Spite,TM,
mew,SV,Spite,TM,
typhlosion-hisui,SV,Spite,TM,
hoothoot,SV,Spite,TM,
noctowl,SV,Spite,TM,
spinarak,SV,Spite,TM,
ariados,SV,Spite,TM,
aipom,SV,Spite,TM,
umbreon,SV,Spite,TM,
murkrow,SV,Spite,TM,
misdreavus,SV,Spite,TM,
dunsparce,SV,Spite,TM,
qwilfish,SV,Spite,TM,
qwilfish-hisui,SV,Spite,TM,
sneasel,SV,Spite,TM,
sneasel-hisui,SV,Spite,TM,
houndour,SV,Spite,TM,
houndoom,SV,Spite,TM,
stantler,SV,Spite,TM,
larvitar,SV,Spite,TM,
pupitar,SV,Spite,TM,
tyranitar,SV,Spite,TM,
poochyena,SV,Spite,TM,
mightyena,SV,Spite,TM,
seedot,SV,Spite,TM,
nuzleaf,SV,Spite,TM,
shiftry,SV,Spite,TM,
sableye,SV,Spite,TM,
cacnea,SV,Spite,TM,
cacturne,SV,Spite,TM,
crawdaunt,SV,Spite,TM,
shuppet,SV,Spite,TM,
banette,SV,Spite,TM,
duskull,SV,Spite,TM,
dusclops,SV,Spite,TM,
tropius,SV,Spite,TM,
snorunt,SV,Spite,TM,
glalie,SV,Spite,TM,
vespiquen,SV,Spite,TM,
ambipom,SV,Spite,TM,
drifloon,SV,Spite,TM,
drifblim,SV,Spite,TM,
mismagius,SV,Spite,TM,
honchkrow,SV,Spite,TM,
spiritomb,SV,Spite,TM,
croagunk,SV,Spite,TM,
toxicroak,SV,Spite,TM,
weavile,SV,Spite,TM,
dusknoir,SV,Spite,TM,
froslass,SV,Spite,TM,
rotom,SV,Spite,TM,
rotom-frost,SV,Spite,TM,
rotom-heat,SV,Spite,TM,
rotom-mow,SV,Spite,TM,
rotom-fan,SV,Spite,TM,
rotom-wash,SV,Spite,TM,
giratina-altered,SV,Spite,TM,
giratina-origin,SV,Spite,TM,
darkrai,SV,Spite,TM,
sandile,SV,Spite,TM,
krokorok,SV,Spite,TM,
krookodile,SV,Spite,TM,
zorua,SV,Spite,TM,
zorua-hisui,SV,Spite,TM,
zoroark,SV,Spite,TM,
zoroark-hisui,SV,Spite,TM,
litwick,SV,Spite,TM,
lampent,SV,Spite,TM,
chandelure,SV,Spite,TM,
pawniard,SV,Spite,TM,
bisharp,SV,Spite,TM,
vullaby,SV,Spite,TM,
mandibuzz,SV,Spite,TM,
deino,SV,Spite,TM,
zweilous,SV,Spite,TM,
hydreigon,SV,Spite,TM,
skrelp,SV,Spite,TM,
dragalge,SV,Spite,TM,
phantump,SV,Spite,TM,
trevenant,SV,Spite,TM,
decidueye,SV,Spite,TM,
sandygast,SV,Spite,TM,
palossand,SV,Spite,TM,
mimikyu,SV,Spite,TM,
rookidee,SV,Spite,TM,
corvisquire,SV,Spite,TM,
corviknight,SV,Spite,TM,
sinistea,SV,Spite,TM,
polteageist,SV,Spite,TM,
perrserker,SV,Spite,TM,
morpeko-full-belly,SV,Spite,TM,
morpeko-hangry,SV,Spite,TM,
wyrdeer,SV,Spite,TM,
basculegion-male,SV,Spite,TM,
basculegion-female,SV,Spite,TM,
sneasler,SV,Spite,TM,
overqwil,SV,Spite,TM,
lokix,SV,Spite,TM,
charcadet,SV,Spite,TM,
armarouge,SV,Spite,TM,
ceruledge,SV,Spite,TM,
mabosstiff,SV,Spite,TM,
bramblin,SV,Spite,TM,
brambleghast,SV,Spite,TM,
annihilape,SV,Spite,TM,
dudunsparce-two-segment,SV,Spite,TM,
dudunsparce-three-segment,SV,Spite,TM,
kingambit,SV,Spite,TM,
flutter-mane,SV,Spite,TM,
wo-chien,SV,Spite,TM,
chien-pao,SV,Spite,TM,
ting-lu,SV,Spite,TM,
chi-yu,SV,Spite,TM,
poltchageist,SV,Spite,TM,
sinistcha,SV,Spite,TM,
okidogi,SV,Spite,TM,
munkidori,SV,Spite,TM,
fezandipiti,SV,Spite,TM,
clefairy,SV,Gravity,TM,
clefable,SV,Gravity,TM,
jigglypuff,SV,Gravity,TM,
wigglytuff,SV,Gravity,TM,
magnemite,SV,Gravity,TM,
magneton,SV,Gravity,TM,
chansey,SV,Gravity,TM,
mewtwo,SV,Gravity,TM,
mew,SV,Gravity,TM,
cleffa,SV,Gravity,TM,
igglybuff,SV,Gravity,TM,
espeon,SV,Gravity,TM,
girafarig,SV,Gravity,TM,
pineco,SV,Gravity,TM,
forretress,SV,Gravity,TM,
stantler,SV,Gravity,TM,
blissey,SV,Gravity,TM,
gardevoir,SV,Gravity,TM,
nosepass,SV,Gravity,TM,
sableye,SV,Gravity,TM,
medicham,SV,Gravity,TM,
duskull,SV,Gravity,TM,
dusclops,SV,Gravity,TM,
chimecho,SV,Gravity,TM,
jirachi,SV,Gravity,TM,
chingling,SV,Gravity,TM,
bronzor,SV,Gravity,TM,
bronzong,SV,Gravity,TM,
happiny,SV,Gravity,TM,
magnezone,SV,Gravity,TM,
glaceon,SV,Gravity,TM,
probopass,SV,Gravity,TM,
dusknoir,SV,Gravity,TM,
dialga,SV,Gravity,TM,
palkia,SV,Gravity,TM,
giratina-altered,SV,Gravity,TM,
giratina-origin,SV,Gravity,TM,
cresselia,SV,Gravity,TM,
arceus,SV,Gravity,TM,
gothita,SV,Gravity,TM,
gothorita,SV,Gravity,TM,
gothitelle,SV,Gravity,TM,
landorus-incarnate,SV,Gravity,TM,
landorus-therian,SV,Gravity,TM,
meloetta-aria,SV,Gravity,TM,
meloetta-pirouette,SV,Gravity,TM,
carbink,SV,Gravity,TM,
diancie,SV,Gravity,TM,
hoopa-confined,SV,Gravity,TM,
hoopa-unbound,SV,Gravity,TM,
oranguru,SV,Gravity,TM,
sandygast,SV,Gravity,TM,
palossand,SV,Gravity,TM,
magearna,SV,Gravity,TM,
hatterene,SV,Gravity,TM,
stonjourner,SV,Gravity,TM,
indeedee-male,SV,Gravity,TM,
indeedee-female,SV,Gravity,TM,
eternatus,SV,Gravity,TM,
calyrex,SV,Gravity,TM,
wyrdeer,SV,Gravity,TM,
garganacl,SV,Gravity,TM,
rabsca,SV,Gravity,TM,
farigiraf,SV,Gravity,TM,
sandy-shocks,SV,Gravity,TM,
iron-leaves,SV,Gravity,TM,
sandshrew,SV,Smack Down,TM,
sandslash,SV,Smack Down,TM,
diglett,SV,Smack Down,TM,
diglett-alola,SV,Smack Down,TM,
dugtrio,SV,Smack Down,TM,
dugtrio-alola,SV,Smack Down,TM,
persian-alola,SV,Smack Down,TM,
primeape,SV,Smack Down,TM,
growlithe-hisui,SV,Smack Down,TM,
arcanine-hisui,SV,Smack Down,TM,
geodude,SV,Smack Down,TM,
geodude-alola,SV,Smack Down,TM,
graveler,SV,Smack Down,TM,
graveler-alola,SV,Smack Down,TM,
golem,SV,Smack Down,TM,
golem-alola,SV,Smack Down,TM,
slowbro-galar,SV,Smack Down,TM,
snorlax,SV,Smack Down,TM,
mew,SV,Smack Down,TM,
sudowoodo,SV,Smack Down,TM,
aipom,SV,Smack Down,TM,
heracross,SV,Smack Down,TM,
teddiursa,SV,Smack Down,TM,
ursaring,SV,Smack Down,TM,
slugma,SV,Smack Down,TM,
magcargo,SV,Smack Down,TM,
swinub,SV,Smack Down,TM,
piloswine,SV,Smack Down,TM,
phanpy,SV,Smack Down,TM,
donphan,SV,Smack Down,TM,
larvitar,SV,Smack Down,TM,
pupitar,SV,Smack Down,TM,
tyranitar,SV,Smack Down,TM,
slaking,SV,Smack Down,TM,
makuhita,SV,Smack Down,TM,
hariyama,SV,Smack Down,TM,
nosepass,SV,Smack Down,TM,
camerupt,SV,Smack Down,TM,
groudon,SV,Smack Down,TM,
turtwig,SV,Smack Down,TM,
grotle,SV,Smack Down,TM,
torterra,SV,Smack Down,TM,
monferno,SV,Smack Down,TM,
infernape,SV,Smack Down,TM,
ambipom,SV,Smack Down,TM,
bonsly,SV,Smack Down,TM,
mamoswine,SV,Smack Down,TM,
probopass,SV,Smack Down,TM,
timburr,SV,Smack Down,TM,
gurdurr,SV,Smack Down,TM,
conkeldurr,SV,Smack Down,TM,
krookodile,SV,Smack Down,TM,
tornadus-incarnate,SV,Smack Down,TM,
tornadus-therian,SV,Smack Down,TM,
thundurus-incarnate,SV,Smack Down,TM,
thundurus-therian,SV,Smack Down,TM,
landorus-incarnate,SV,Smack Down,TM,
landorus-therian,SV,Smack Down,TM,
chesnaught,SV,Smack Down,TM,
froakie,SV,Smack Down,TM,
frogadier,SV,Smack Down,TM,
greninja,SV,Smack Down,TM,
clauncher,SV,Smack Down,TM,
clawitzer,SV,Smack Down,TM,
carbink,SV,Smack Down,TM,
diancie,SV,Smack Down,TM,
volcanion,SV,Smack Down,TM,
decidueye,SV,Smack Down,TM,
decidueye-hisui,SV,Smack Down,TM,
toxapex,SV,Smack Down,TM,
mudbray,SV,Smack Down,TM,
mudsdale,SV,Smack Down,TM,
passimian,SV,Smack Down,TM,
cinderace,SV,Smack Down,TM,
inteleon,SV,Smack Down,TM,
rolycoly,SV,Smack Down,TM,
carkol,SV,Smack Down,TM,
coalossal,SV,Smack Down,TM,
stonjourner,SV,Smack Down,TM,
copperajah,SV,Smack Down,TM,
kleavor,SV,Smack Down,TM,
ursaluna,SV,Smack Down,TM,
ursaluna-bloodmoon,SV,Smack Down,TM,
nacli,SV,Smack Down,TM,
naclstack,SV,Smack Down,TM,
garganacl,SV,Smack Down,TM,
klawf,SV,Smack Down,TM,
tinkaton,SV,Smack Down,TM,
orthworm,SV,Smack Down,TM,
glimmet,SV,Smack Down,TM,
glimmora,SV,Smack Down,TM,
annihilape,SV,Smack Down,TM,
great-tusk,SV,Smack Down,TM,
iron-thorns,SV,Smack Down,TM,
sandshrew,SV,Gyro Ball,TM,
sandshrew-alola,SV,Gyro Ball,TM,
sandslash,SV,Gyro Ball,TM,
sandslash-alola,SV,Gyro Ball,TM,
jigglypuff,SV,Gyro Ball,TM,
wigglytuff,SV,Gyro Ball,TM,
meowth-galar,SV,Gyro Ball,TM,
geodude,SV,Gyro Ball,TM,
geodude-alola,SV,Gyro Ball,TM,
graveler-alola,SV,Gyro Ball,TM,
golem,SV,Gyro Ball,TM,
golem-alola,SV,Gyro Ball,TM,
magnemite,SV,Gyro Ball,TM,
magneton,SV,Gyro Ball,TM,
voltorb,SV,Gyro Ball,TM,
voltorb-hisui,SV,Gyro Ball,TM,
electrode,SV,Gyro Ball,TM,
electrode-hisui,SV,Gyro Ball,TM,
koffing,SV,Gyro Ball,TM,
weezing,SV,Gyro Ball,TM,
weezing-galar,SV,Gyro Ball,TM,
mew,SV,Gyro Ball,TM,
typhlosion,SV,Gyro Ball,TM,
typhlosion-hisui,SV,Gyro Ball,TM,
pineco,SV,Gyro Ball,TM,
forretress,SV,Gyro Ball,TM,
dunsparce,SV,Gyro Ball,TM,
qwilfish,SV,Gyro Ball,TM,
qwilfish-hisui,SV,Gyro Ball,TM,
magcargo,SV,Gyro Ball,TM,
donphan,SV,Gyro Ball,TM,
sableye,SV,Gyro Ball,TM,
torkoal,SV,Gyro Ball,TM,
glalie,SV,Gyro Ball,TM,
rayquaza,SV,Gyro Ball,TM,
drifloon,SV,Gyro Ball,TM,
drifblim,SV,Gyro Ball,TM,
bronzor,SV,Gyro Ball,TM,
bronzong,SV,Gyro Ball,TM,
magnezone,SV,Gyro Ball,TM,
quilladin,SV,Gyro Ball,TM,
chesnaught,SV,Gyro Ball,TM,
carbink,SV,Gyro Ball,TM,
sliggoo-hisui,SV,Gyro Ball,TM,
goodra-hisui,SV,Gyro Ball,TM,
bergmite,SV,Gyro Ball,TM,
avalugg,SV,Gyro Ball,TM,
avalugg-hisui,SV,Gyro Ball,TM,
diancie,SV,Gyro Ball,TM,
volcanion,SV,Gyro Ball,TM,
passimian,SV,Gyro Ball,TM,
magearna,SV,Gyro Ball,TM,
skwovet,SV,Gyro Ball,TM,
greedent,SV,Gyro Ball,TM,
rolycoly,SV,Gyro Ball,TM,
carkol,SV,Gyro Ball,TM,
coalossal,SV,Gyro Ball,TM,
appletun,SV,Gyro Ball,TM,
perrserker,SV,Gyro Ball,TM,
overqwil,SV,Gyro Ball,TM,
varoom,SV,Gyro Ball,TM,
revavroom,SV,Gyro Ball,TM,
dudunsparce-two-segment,SV,Gyro Ball,TM,
dudunsparce-three-segment,SV,Gyro Ball,TM,
scream-tail,SV,Gyro Ball,TM,
iron-treads,SV,Gyro Ball,TM,
dipplin,SV,Gyro Ball,TM,
ekans,SV,Knock Off,TM,
arbok,SV,Knock Off,TM,
pikachu,SV,Knock Off,TM,
raichu,SV,Knock Off,TM,
raichu-alola,SV,Knock Off,TM,
sandshrew,SV,Knock Off,TM,
sandshrew-alola,SV,Knock Off,TM,
sandslash,SV,Knock Off,TM,
sandslash-alola,SV,Knock Off,TM,
clefairy,SV,Knock Off,TM,
clefable,SV,Knock Off,TM,
jigglypuff,SV,Knock Off,TM,
wigglytuff,SV,Knock Off,TM,
meowth,SV,Knock Off,TM,
meowth-alola,SV,Knock Off,TM,
meowth-galar,SV,Knock Off,TM,
persian,SV,Knock Off,TM,
persian-alola,SV,Knock Off,TM,
psyduck,SV,Knock Off,TM,
golduck,SV,Knock Off,TM,
poliwrath,SV,Knock Off,TM,
bellsprout,SV,Knock Off,TM,
weepinbell,SV,Knock Off,TM,
victreebel,SV,Knock Off,TM,
grimer-alola,SV,Knock Off,TM,
muk,SV,Knock Off,TM,
muk-alola,SV,Knock Off,TM,
gengar,SV,Knock Off,TM,
drowzee,SV,Knock Off,TM,
hypno,SV,Knock Off,TM,
zapdos-galar,SV,Knock Off,TM,
mewtwo,SV,Knock Off,TM,
mew,SV,Knock Off,TM,
sentret,SV,Knock Off,TM,
furret,SV,Knock Off,TM,
spinarak,SV,Knock Off,TM,
ariados,SV,Knock Off,TM,
marill,SV,Knock Off,TM,
azumarill,SV,Knock Off,TM,
aipom,SV,Knock Off,TM,
gligar,SV,Knock Off,TM,
scizor,SV,Knock Off,TM,
heracross,SV,Knock Off,TM,
sneasel,SV,Knock Off,TM,
phanpy,SV,Knock Off,TM,
donphan,SV,Knock Off,TM,
tyranitar,SV,Knock Off,TM,
lombre,SV,Knock Off,TM,
ludicolo,SV,Knock Off,TM,
nuzleaf,SV,Knock Off,TM,
shiftry,SV,Knock Off,TM,
wingull,SV,Knock Off,TM,
pelipper,SV,Knock Off,TM,
ralts,SV,Knock Off,TM,
kirlia,SV,Knock Off,TM,
gardevoir,SV,Knock Off,TM,
vigoroth,SV,Knock Off,TM,
slaking,SV,Knock Off,TM,
makuhita,SV,Knock Off,TM,
hariyama,SV,Knock Off,TM,
sableye,SV,Knock Off,TM,
swalot,SV,Knock Off,TM,
cacturne,SV,Knock Off,TM,
zangoose,SV,Knock Off,TM,
seviper,SV,Knock Off,TM,
corphish,SV,Knock Off,TM,
crawdaunt,SV,Knock Off,TM,
banette,SV,Knock Off,TM,
chimecho,SV,Knock Off,TM,
chimchar,SV,Knock Off,TM,
monferno,SV,Knock Off,TM,
infernape,SV,Knock Off,TM,
empoleon,SV,Knock Off,TM,
kricketune,SV,Knock Off,TM,
ambipom,SV,Knock Off,TM,
drifloon,SV,Knock Off,TM,
drifblim,SV,Knock Off,TM,
chingling,SV,Knock Off,TM,
stunky,SV,Knock Off,TM,
skuntank,SV,Knock Off,TM,
croagunk,SV,Knock Off,TM,
toxicroak,SV,Knock Off,TM,
weavile,SV,Knock Off,TM,
leafeon,SV,Knock Off,TM,
gliscor,SV,Knock Off,TM,
mamoswine,SV,Knock Off,TM,
gallade,SV,Knock Off,TM,
uxie,SV,Knock Off,TM,
mesprit,SV,Knock Off,TM,
azelf,SV,Knock Off,TM,
phione,SV,Knock Off,TM,
manaphy,SV,Knock Off,TM,
darkrai,SV,Knock Off,TM,
oshawott,SV,Knock Off,TM,
dewott,SV,Knock Off,TM,
samurott,SV,Knock Off,TM,
samurott-hisui,SV,Knock Off,TM,
timburr,SV,Knock Off,TM,
gurdurr,SV,Knock Off,TM,
conkeldurr,SV,Knock Off,TM,
leavanny,SV,Knock Off,TM,
krokorok,SV,Knock Off,TM,
krookodile,SV,Knock Off,TM,
zorua,SV,Knock Off,TM,
zorua-hisui,SV,Knock Off,TM,
zoroark,SV,Knock Off,TM,
zoroark-hisui,SV,Knock Off,TM,
swanna,SV,Knock Off,TM,
tynamo,SV,Knock Off,TM,
eelektrik,SV,Knock Off,TM,
eelektross,SV,Knock Off,TM,
mienfoo,SV,Knock Off,TM,
mienshao,SV,Knock Off,TM,
vullaby,SV,Knock Off,TM,
mandibuzz,SV,Knock Off,TM,
tornadus-incarnate,SV,Knock Off,TM,
tornadus-therian,SV,Knock Off,TM,
thundurus-incarnate,SV,Knock Off,TM,
thundurus-therian,SV,Knock Off,TM,
meloetta-aria,SV,Knock Off,TM,
meloetta-pirouette,SV,Knock Off,TM,
chesnaught,SV,Knock Off,TM,
goodra,SV,Knock Off,TM,
goodra-hisui,SV,Knock Off,TM,
trevenant,SV,Knock Off,TM,
hoopa-confined,SV,Knock Off,TM,
hoopa-unbound,SV,Knock Off,TM,
rowlet,SV,Knock Off,TM,
dartrix,SV,Knock Off,TM,
decidueye,SV,Knock Off,TM,
decidueye-hisui,SV,Knock Off,TM,
gumshoos,SV,Knock Off,TM,
crabrawler,SV,Knock Off,TM,
crabominable,SV,Knock Off,TM,
lycanroc-midnight,SV,Knock Off,TM,
lurantis,SV,Knock Off,TM,
salandit,SV,Knock Off,TM,
salazzle,SV,Knock Off,TM,
tsareena,SV,Knock Off,TM,
oranguru,SV,Knock Off,TM,
passimian,SV,Knock Off,TM,
komala,SV,Knock Off,TM,
grookey,SV,Knock Off,TM,
thwackey,SV,Knock Off,TM,
rillaboom,SV,Knock Off,TM,
greedent,SV,Knock Off,TM,
perrserker,SV,Knock Off,TM,
falinks,SV,Knock Off,TM,
morpeko-full-belly,SV,Knock Off,TM,
morpeko-hangry,SV,Knock Off,TM,
copperajah,SV,Knock Off,TM,
zarude,SV,Knock Off,TM,
meowscarada,SV,Knock Off,TM,
quaquaval,SV,Knock Off,TM,
tarountula,SV,Knock Off,TM,
spidops,SV,Knock Off,TM,
lokix,SV,Knock Off,TM,
pawmo,SV,Knock Off,TM,
pawmot,SV,Knock Off,TM,
shroodle,SV,Knock Off,TM,
grafaiai,SV,Knock Off,TM,
toedscool,SV,Knock Off,TM,
toedscruel,SV,Knock Off,TM,
klawf,SV,Knock Off,TM,
tinkatink,SV,Knock Off,TM,
tinkatuff,SV,Knock Off,TM,
tinkaton,SV,Knock Off,TM,
bombirdier,SV,Knock Off,TM,
cyclizar,SV,Knock Off,TM,
cetoddle,SV,Knock Off,TM,
cetitan,SV,Knock Off,TM,
great-tusk,SV,Knock Off,TM,
iron-treads,SV,Knock Off,TM,
iron-jugulis,SV,Knock Off,TM,
wo-chien,SV,Knock Off,TM,
roaring-moon,SV,Knock Off,TM,
iron-valiant,SV,Knock Off,TM,
walking-wake,SV,Knock Off,TM,
okidogi,SV,Knock Off,TM,
ogerpon-teal,SV,Knock Off,TM,
ogerpon-wellspring,SV,Knock Off,TM,
ogerpon-hearthflame,SV,Knock Off,TM,
ogerpon-cornerstone,SV,Knock Off,TM,
venonat,SV,Bug Bite,TM,
venomoth,SV,Bug Bite,TM,
weepinbell,SV,Bug Bite,TM,
victreebel,SV,Bug Bite,TM,
scyther,SV,Bug Bite,TM,
mew,SV,Bug Bite,TM,
spinarak,SV,Bug Bite,TM,
ariados,SV,Bug Bite,TM,
yanma,SV,Bug Bite,TM,
pineco,SV,Bug Bite,TM,
forretress,SV,Bug Bite,TM,
scizor,SV,Bug Bite,TM,
heracross,SV,Bug Bite,TM,
surskit,SV,Bug Bite,TM,
masquerain,SV,Bug Bite,TM,
volbeat,SV,Bug Bite,TM,
illumise,SV,Bug Bite,TM,
kricketot,SV,Bug Bite,TM,
kricketune,SV,Bug Bite,TM,
combee,SV,Bug Bite,TM,
vespiquen,SV,Bug Bite,TM,
yanmega,SV,Bug Bite,TM,
sewaddle,SV,Bug Bite,TM,
swadloon,SV,Bug Bite,TM,
leavanny,SV,Bug Bite,TM,
larvesta,SV,Bug Bite,TM,
volcarona,SV,Bug Bite,TM,
scatterbug,SV,Bug Bite,TM,
spewpa,SV,Bug Bite,TM,
vivillon,SV,Bug Bite,TM,
grubbin,SV,Bug Bite,TM,
charjabug,SV,Bug Bite,TM,
vikavolt,SV,Bug Bite,TM,
cutiefly,SV,Bug Bite,TM,
ribombee,SV,Bug Bite,TM,
fomantis,SV,Bug Bite,TM,
lurantis,SV,Bug Bite,TM,
snom,SV,Bug Bite,TM,
frosmoth,SV,Bug Bite,TM,
kleavor,SV,Bug Bite,TM,
tarountula,SV,Bug Bite,TM,
spidops,SV,Bug Bite,TM,
nymble,SV,Bug Bite,TM,
lokix,SV,Bug Bite,TM,
rellor,SV,Bug Bite,TM,
rabsca,SV,Bug Bite,TM,
slither-wing,SV,Bug Bite,TM,
dipplin,SV,Bug Bite,TM,
sandshrew,SV,Super Fang,TM,
sandshrew-alola,SV,Super Fang,TM,
sandslash,SV,Super Fang,TM,
sandslash-alola,SV,Super Fang,TM,
mew,SV,Super Fang,TM,
sentret,SV,Super Fang,TM,
furret,SV,Super Fang,TM,
houndour,SV,Super Fang,TM,
houndoom,SV,Super Fang,TM,
poochyena,SV,Super Fang,TM,
mightyena,SV,Super Fang,TM,
pachirisu,SV,Super Fang,TM,
skuntank,SV,Super Fang,TM,
croagunk,SV,Super Fang,TM,
toxicroak,SV,Super Fang,TM,
eelektrik,SV,Super Fang,TM,
eelektross,SV,Super Fang,TM,
chespin,SV,Super Fang,TM,
quilladin,SV,Super Fang,TM,
chesnaught,SV,Super Fang,TM,
dedenne,SV,Super Fang,TM,
noibat,SV,Super Fang,TM,
noivern,SV,Super Fang,TM,
yungoos,SV,Super Fang,TM,
gumshoos,SV,Super Fang,TM,
komala,SV,Super Fang,TM,
bruxish,SV,Super Fang,TM,
scorbunny,SV,Super Fang,TM,
raboot,SV,Super Fang,TM,
cinderace,SV,Super Fang,TM,
skwovet,SV,Super Fang,TM,
greedent,SV,Super Fang,TM,
drednaw,SV,Super Fang,TM,
morpeko-full-belly,SV,Super Fang,TM,
morpeko-hangry,SV,Super Fang,TM,
lechonk,SV,Super Fang,TM,
oinkologne-male,SV,Super Fang,TM,
oinkologne-female,SV,Super Fang,TM,
pawmi,SV,Super Fang,TM,
pawmo,SV,Super Fang,TM,
pawmot,SV,Super Fang,TM,
tandemaus,SV,Super Fang,TM,
maushold-family-of-four,SV,Super Fang,TM,
maushold-family-of-three,SV,Super Fang,TM,
shroodle,SV,Super Fang,TM,
grafaiai,SV,Super Fang,TM,
capsakid,SV,Super Fang,TM,
scovillain,SV,Super Fang,TM,
psyduck,SV,Vacuum Wave,TM,
golduck,SV,Vacuum Wave,TM,
primeape,SV,Vacuum Wave,TM,
poliwrath,SV,Vacuum Wave,TM,
scyther,SV,Vacuum Wave,TM,
mew,SV,Vacuum Wave,TM,
scizor,SV,Vacuum Wave,TM,
heracross,SV,Vacuum Wave,TM,
sneasel-hisui,SV,Vacuum Wave,TM,
shiftry,SV,Vacuum Wave,TM,
gardevoir,SV,Vacuum Wave,TM,
makuhita,SV,Vacuum Wave,TM,
hariyama,SV,Vacuum Wave,TM,
medicham,SV,Vacuum Wave,TM,
chimchar,SV,Vacuum Wave,TM,
monferno,SV,Vacuum Wave,TM,
infernape,SV,Vacuum Wave,TM,
empoleon,SV,Vacuum Wave,TM,
riolu,SV,Vacuum Wave,TM,
lucario,SV,Vacuum Wave,TM,
croagunk,SV,Vacuum Wave,TM,
toxicroak,SV,Vacuum Wave,TM,
gallade,SV,Vacuum Wave,TM,
dewott,SV,Vacuum Wave,TM,
samurott,SV,Vacuum Wave,TM,
samurott-hisui,SV,Vacuum Wave,TM,
lilligant-hisui,SV,Vacuum Wave,TM,
mienshao,SV,Vacuum Wave,TM,
braviary-hisui,SV,Vacuum Wave,TM,
passimian,SV,Vacuum Wave,TM,
hakamo-o,SV,Vacuum Wave,TM,
kommo-o,SV,Vacuum Wave,TM,
inteleon,SV,Vacuum Wave,TM,
kleavor,SV,Vacuum Wave,TM,
ursaluna-bloodmoon,SV,Vacuum Wave,TM,
sneasler,SV,Vacuum Wave,TM,
ceruledge,SV,Vacuum Wave,TM,
annihilape,SV,Vacuum Wave,TM,
iron-valiant,SV,Vacuum Wave,TM,
venonat,SV,Lunge,TM,
venomoth,SV,Lunge,TM,
bellsprout,SV,Lunge,TM,
weepinbell,SV,Lunge,TM,
victreebel,SV,Lunge,TM,
muk,SV,Lunge,TM,
scyther,SV,Lunge,TM,
mew,SV,Lunge,TM,
spinarak,SV,Lunge,TM,
ariados,SV,Lunge,TM,
hoppip,SV,Lunge,TM,
skiploom,SV,Lunge,TM,
jumpluff,SV,Lunge,TM,
yanma,SV,Lunge,TM,
pineco,SV,Lunge,TM,
forretress,SV,Lunge,TM,
dunsparce,SV,Lunge,TM,
gligar,SV,Lunge,TM,
scizor,SV,Lunge,TM,
heracross,SV,Lunge,TM,
stantler,SV,Lunge,TM,
surskit,SV,Lunge,TM,
masquerain,SV,Lunge,TM,
volbeat,SV,Lunge,TM,
spoink,SV,Lunge,TM,
grumpig,SV,Lunge,TM,
cacturne,SV,Lunge,TM,
kricketot,SV,Lunge,TM,
kricketune,SV,Lunge,TM,
combee,SV,Lunge,TM,
vespiquen,SV,Lunge,TM,
yanmega,SV,Lunge,TM,
gliscor,SV,Lunge,TM,
heatran,SV,Lunge,TM,
sewaddle,SV,Lunge,TM,
swadloon,SV,Lunge,TM,
leavanny,SV,Lunge,TM,
eelektrik,SV,Lunge,TM,
eelektross,SV,Lunge,TM,
larvesta,SV,Lunge,TM,
volcarona,SV,Lunge,TM,
hawlucha,SV,Lunge,TM,
grubbin,SV,Lunge,TM,
charjabug,SV,Lunge,TM,
vikavolt,SV,Lunge,TM,
ribombee,SV,Lunge,TM,
mareanie,SV,Lunge,TM,
toxapex,SV,Lunge,TM,
falinks,SV,Lunge,TM,
snom,SV,Lunge,TM,
frosmoth,SV,Lunge,TM,
wyrdeer,SV,Lunge,TM,
kleavor,SV,Lunge,TM,
tarountula,SV,Lunge,TM,
spidops,SV,Lunge,TM,
lokix,SV,Lunge,TM,
toedscool,SV,Lunge,TM,
toedscruel,SV,Lunge,TM,
rellor,SV,Lunge,TM,
rabsca,SV,Lunge,TM,
flamigo,SV,Lunge,TM,
tatsugiri-curly,SV,Lunge,TM,
tatsugiri-droopy,SV,Lunge,TM,
tatsugiri-stretchy,SV,Lunge,TM,
dudunsparce-two-segment,SV,Lunge,TM,
dudunsparce-three-segment,SV,Lunge,TM,
slither-wing,SV,Lunge,TM,
iron-moth,SV,Lunge,TM,
sandshrew,SV,High Horsepower,TM,
sandslash,SV,High Horsepower,TM,
poliwrath,SV,High Horsepower,TM,
geodude,SV,High Horsepower,TM,
geodude-alola,SV,High Horsepower,TM,
graveler,SV,High Horsepower,TM,
graveler-alola,SV,High Horsepower,TM,
golem,SV,High Horsepower,TM,
tauros,SV,High Horsepower,TM,
tauros-combat,SV,High Horsepower,TM,
tauros-blaze,SV,High Horsepower,TM,
tauros-aqua,SV,High Horsepower,TM,
snorlax,SV,High Horsepower,TM,
mew,SV,High Horsepower,TM,
sudowoodo,SV,High Horsepower,TM,
quagsire,SV,High Horsepower,TM,
girafarig,SV,High Horsepower,TM,
gligar,SV,High Horsepower,TM,
heracross,SV,High Horsepower,TM,
ursaring,SV,High Horsepower,TM,
slugma,SV,High Horsepower,TM,
swinub,SV,High Horsepower,TM,
piloswine,SV,High Horsepower,TM,
phanpy,SV,High Horsepower,TM,
donphan,SV,High Horsepower,TM,
pupitar,SV,High Horsepower,TM,
tyranitar,SV,High Horsepower,TM,
slaking,SV,High Horsepower,TM,
nosepass,SV,High Horsepower,TM,
numel,SV,High Horsepower,TM,
camerupt,SV,High Horsepower,TM,
barboach,SV,High Horsepower,TM,
whiscash,SV,High Horsepower,TM,
groudon,SV,High Horsepower,TM,
torterra,SV,High Horsepower,TM,
hippopotas,SV,High Horsepower,TM,
hippowdon,SV,High Horsepower,TM,
gliscor,SV,High Horsepower,TM,
mamoswine,SV,High Horsepower,TM,
probopass,SV,High Horsepower,TM,
gurdurr,SV,High Horsepower,TM,
conkeldurr,SV,High Horsepower,TM,
krookodile,SV,High Horsepower,TM,
sawsbuck,SV,High Horsepower,TM,
chesnaught,SV,High Horsepower,TM,
gogoat,SV,High Horsepower,TM,
avalugg,SV,High Horsepower,TM,
avalugg-hisui,SV,High Horsepower,TM,
mudbray,SV,High Horsepower,TM,
mudsdale,SV,High Horsepower,TM,
rillaboom,SV,High Horsepower,TM,
greedent,SV,High Horsepower,TM,
drednaw,SV,High Horsepower,TM,
coalossal,SV,High Horsepower,TM,
appletun,SV,High Horsepower,TM,
sandaconda,SV,High Horsepower,TM,
falinks,SV,High Horsepower,TM,
stonjourner,SV,High Horsepower,TM,
cufant,SV,High Horsepower,TM,
copperajah,SV,High Horsepower,TM,
glastrier,SV,High Horsepower,TM,
wyrdeer,SV,High Horsepower,TM,
ursaluna,SV,High Horsepower,TM,
ursaluna-bloodmoon,SV,High Horsepower,TM,
oinkologne-male,SV,High Horsepower,TM,
oinkologne-female,SV,High Horsepower,TM,
klawf,SV,High Horsepower,TM,
revavroom,SV,High Horsepower,TM,
orthworm,SV,High Horsepower,TM,
cetoddle,SV,High Horsepower,TM,
cetitan,SV,High Horsepower,TM,
clodsire,SV,High Horsepower,TM,
farigiraf,SV,High Horsepower,TM,
great-tusk,SV,High Horsepower,TM,
slither-wing,SV,High Horsepower,TM,
sandy-shocks,SV,High Horsepower,TM,
iron-treads,SV,High Horsepower,TM,
iron-thorns,SV,High Horsepower,TM,
baxcalibur,SV,High Horsepower,TM,
okidogi,SV,High Horsepower,TM,
sandshrew-alola,SV,Icicle Spear,TM,
sandslash-alola,SV,Icicle Spear,TM,
vulpix-alola,SV,Icicle Spear,TM,
ninetales-alola,SV,Icicle Spear,TM,
shellder,SV,Icicle Spear,TM,
cloyster,SV,Icicle Spear,TM,
articuno,SV,Icicle Spear,TM,
mew,SV,Icicle Spear,TM,
sneasel,SV,Icicle Spear,TM,
swinub,SV,Icicle Spear,TM,
piloswine,SV,Icicle Spear,TM,
delibird,SV,Icicle Spear,TM,
snorunt,SV,Icicle Spear,TM,
glalie,SV,Icicle Spear,TM,
snover,SV,Icicle Spear,TM,
abomasnow,SV,Icicle Spear,TM,
weavile,SV,Icicle Spear,TM,
glaceon,SV,Icicle Spear,TM,
mamoswine,SV,Icicle Spear,TM,
froslass,SV,Icicle Spear,TM,
cubchoo,SV,Icicle Spear,TM,
beartic,SV,Icicle Spear,TM,
cryogonal,SV,Icicle Spear,TM,
bergmite,SV,Icicle Spear,TM,
avalugg,SV,Icicle Spear,TM,
avalugg-hisui,SV,Icicle Spear,TM,
inteleon,SV,Icicle Spear,TM,
snom,SV,Icicle Spear,TM,
frosmoth,SV,Icicle Spear,TM,
eiscue-ice,SV,Icicle Spear,TM,
eiscue-noice,SV,Icicle Spear,TM,
cetoddle,SV,Icicle Spear,TM,
cetitan,SV,Icicle Spear,TM,
frigibax,SV,Icicle Spear,TM,
arctibax,SV,Icicle Spear,TM,
baxcalibur,SV,Icicle Spear,TM,
slowbro,SV,Scald,TM,
gyarados,SV,Scald,TM,
vaporeon,SV,Scald,TM,
mew,SV,Scald,TM,
slowking,SV,Scald,TM,
milotic,SV,Scald,TM,
phione,SV,Scald,TM,
manaphy,SV,Scald,TM,
alomomola,SV,Scald,TM,
dragalge,SV,Scald,TM,
goodra,SV,Scald,TM,
volcanion,SV,Scald,TM,
inteleon,SV,Scald,TM,
carkol,SV,Scald,TM,
coalossal,SV,Scald,TM,
pincurchin,SV,Scald,TM,
walking-wake,SV,Scald,TM,
poltchageist,SV,Scald,TM,
sinistcha,SV,Scald,TM,
charizard,SV,Heat Crash,TM,
arcanine,SV,Heat Crash,TM,
arcanine-hisui,SV,Heat Crash,TM,
snorlax,SV,Heat Crash,TM,
mew,SV,Heat Crash,TM,
slugma,SV,Heat Crash,TM,
magcargo,SV,Heat Crash,TM,
numel,SV,Heat Crash,TM,
camerupt,SV,Heat Crash,TM,
torkoal,SV,Heat Crash,TM,
groudon,SV,Heat Crash,TM,
heatran,SV,Heat Crash,TM,
volcanion,SV,Heat Crash,TM,
rolycoly,SV,Heat Crash,TM,
carkol,SV,Heat Crash,TM,
coalossal,SV,Heat Crash,TM,
stonjourner,SV,Heat Crash,TM,
copperajah,SV,Heat Crash,TM,
skeledirge,SV,Heat Crash,TM,
slither-wing,SV,Heat Crash,TM,
koraidon,SV,Heat Crash,TM,
mew,SV,Solar Blade,TM,
nuzleaf,SV,Solar Blade,TM,
shiftry,SV,Solar Blade,TM,
tropius,SV,Solar Blade,TM,
leafeon,SV,Solar Blade,TM,
gallade,SV,Solar Blade,TM,
lilligant,SV,Solar Blade,TM,
lilligant-hisui,SV,Solar Blade,TM,
decidueye,SV,Solar Blade,TM,
lurantis,SV,Solar Blade,TM,
tsareena,SV,Solar Blade,TM,
grookey,SV,Solar Blade,TM,
thwackey,SV,Solar Blade,TM,
rillaboom,SV,Solar Blade,TM,
zacian,SV,Solar Blade,TM,
zarude,SV,Solar Blade,TM,
calyrex,SV,Solar Blade,TM,
smoliv,SV,Solar Blade,TM,
dolliv,SV,Solar Blade,TM,
arboliva,SV,Solar Blade,TM,
ceruledge,SV,Solar Blade,TM,
wo-chien,SV,Solar Blade,TM,
iron-leaves,SV,Solar Blade,TM,
ogerpon-teal,SV,Solar Blade,TM,
ogerpon-wellspring,SV,Solar Blade,TM,
ogerpon-hearthflame,SV,Solar Blade,TM,
ogerpon-cornerstone,SV,Solar Blade,TM,
clefairy,SV,Uproar,TM,
clefable,SV,Uproar,TM,
jigglypuff,SV,Uproar,TM,
wigglytuff,SV,Uproar,TM,
diglett,SV,Uproar,TM,
dugtrio,SV,Uproar,TM,
dugtrio-alola,SV,Uproar,TM,
mankey,SV,Uproar,TM,
primeape,SV,Uproar,TM,
snorlax,SV,Uproar,TM,
mew,SV,Uproar,TM,
sentret,SV,Uproar,TM,
furret,SV,Uproar,TM,
hoothoot,SV,Uproar,TM,
noctowl,SV,Uproar,TM,
cleffa,SV,Uproar,TM,
yanma,SV,Uproar,TM,
murkrow,SV,Uproar,TM,
girafarig,SV,Uproar,TM,
dunsparce,SV,Uproar,TM,
teddiursa,SV,Uproar,TM,
ursaring,SV,Uproar,TM,
stantler,SV,Uproar,TM,
poochyena,SV,Uproar,TM,
mightyena,SV,Uproar,TM,
lotad,SV,Uproar,TM,
lombre,SV,Uproar,TM,
ludicolo,SV,Uproar,TM,
nuzleaf,SV,Uproar,TM,
shiftry,SV,Uproar,TM,
vigoroth,SV,Uproar,TM,
slaking,SV,Uproar,TM,
spoink,SV,Uproar,TM,
grumpig,SV,Uproar,TM,
chimecho,SV,Uproar,TM,
chimchar,SV,Uproar,TM,
monferno,SV,Uproar,TM,
infernape,SV,Uproar,TM,
empoleon,SV,Uproar,TM,
starly,SV,Uproar,TM,
staravia,SV,Uproar,TM,
staraptor,SV,Uproar,TM,
kricketune,SV,Uproar,TM,
pachirisu,SV,Uproar,TM,
honchkrow,SV,Uproar,TM,
chingling,SV,Uproar,TM,
munchlax,SV,Uproar,TM,
yanmega,SV,Uproar,TM,
rotom,SV,Uproar,TM,
rotom-frost,SV,Uproar,TM,
rotom-heat,SV,Uproar,TM,
rotom-mow,SV,Uproar,TM,
rotom-fan,SV,Uproar,TM,
rotom-wash,SV,Uproar,TM,
azelf,SV,Uproar,TM,
vullaby,SV,Uproar,TM,
mandibuzz,SV,Uproar,TM,
tornadus-incarnate,SV,Uproar,TM,
tornadus-therian,SV,Uproar,TM,
thundurus-incarnate,SV,Uproar,TM,
thundurus-therian,SV,Uproar,TM,
hawlucha,SV,Uproar,TM,
noibat,SV,Uproar,TM,
noivern,SV,Uproar,TM,
passimian,SV,Uproar,TM,
grookey,SV,Uproar,TM,
thwackey,SV,Uproar,TM,
rillaboom,SV,Uproar,TM,
cramorant,SV,Uproar,TM,
toxtricity-amped,SV,Uproar,TM,
toxtricity-low-key,SV,Uproar,TM,
falinks,SV,Uproar,TM,
morpeko-full-belly,SV,Uproar,TM,
morpeko-hangry,SV,Uproar,TM,
wyrdeer,SV,Uproar,TM,
ursaluna,SV,Uproar,TM,
ursaluna-bloodmoon,SV,Uproar,TM,
basculegion-male,SV,Uproar,TM,
basculegion-female,SV,Uproar,TM,
enamorus-incarnate,SV,Uproar,TM,
enamorus-therian,SV,Uproar,TM,
lechonk,SV,Uproar,TM,
oinkologne-male,SV,Uproar,TM,
oinkologne-female,SV,Uproar,TM,
squawkabilly-green,SV,Uproar,TM,
squawkabilly-blue,SV,Uproar,TM,
squawkabilly-yellow,SV,Uproar,TM,
squawkabilly-white,SV,Uproar,TM,
wattrel,SV,Uproar,TM,
kilowattrel,SV,Uproar,TM,
flittle,SV,Uproar,TM,
espathra,SV,Uproar,TM,
varoom,SV,Uproar,TM,
revavroom,SV,Uproar,TM,
cyclizar,SV,Uproar,TM,
greavard,SV,Uproar,TM,
houndstone,SV,Uproar,TM,
annihilape,SV,Uproar,TM,
farigiraf,SV,Uproar,TM,
dudunsparce-two-segment,SV,Uproar,TM,
dudunsparce-three-segment,SV,Uproar,TM,
scream-tail,SV,Uproar,TM,
koraidon,SV,Uproar,TM,
poltchageist,SV,Uproar,TM,
sinistcha,SV,Uproar,TM,
okidogi,SV,Uproar,TM,
munkidori,SV,Uproar,TM,
fezandipiti,SV,Uproar,TM,
charmander,SV,Focus Punch,TM,
charmeleon,SV,Focus Punch,TM,
charizard,SV,Focus Punch,TM,
pikachu,SV,Focus Punch,TM,
raichu,SV,Focus Punch,TM,
raichu-alola,SV,Focus Punch,TM,
sandshrew,SV,Focus Punch,TM,
sandshrew-alola,SV,Focus Punch,TM,
sandslash,SV,Focus Punch,TM,
sandslash-alola,SV,Focus Punch,TM,
clefairy,SV,Focus Punch,TM,
clefable,SV,Focus Punch,TM,
jigglypuff,SV,Focus Punch,TM,
wigglytuff,SV,Focus Punch,TM,
psyduck,SV,Focus Punch,TM,
golduck,SV,Focus Punch,TM,
mankey,SV,Focus Punch,TM,
primeape,SV,Focus Punch,TM,
poliwag,SV,Focus Punch,TM,
poliwhirl,SV,Focus Punch,TM,
poliwrath,SV,Focus Punch,TM,
geodude,SV,Focus Punch,TM,
geodude-alola,SV,Focus Punch,TM,
graveler,SV,Focus Punch,TM,
graveler-alola,SV,Focus Punch,TM,
golem,SV,Focus Punch,TM,
golem-alola,SV,Focus Punch,TM,
slowbro,SV,Focus Punch,TM,
muk,SV,Focus Punch,TM,
muk-alola,SV,Focus Punch,TM,
gengar,SV,Focus Punch,TM,
drowzee,SV,Focus Punch,TM,
hypno,SV,Focus Punch,TM,
snorlax,SV,Focus Punch,TM,
dragonite,SV,Focus Punch,TM,
mewtwo,SV,Focus Punch,TM,
mew,SV,Focus Punch,TM,
typhlosion,SV,Focus Punch,TM,
typhlosion-hisui,SV,Focus Punch,TM,
sentret,SV,Focus Punch,TM,
furret,SV,Focus Punch,TM,
flaaffy,SV,Focus Punch,TM,
ampharos,SV,Focus Punch,TM,
marill,SV,Focus Punch,TM,
azumarill,SV,Focus Punch,TM,
sudowoodo,SV,Focus Punch,TM,
politoed,SV,Focus Punch,TM,
aipom,SV,Focus Punch,TM,
quagsire,SV,Focus Punch,TM,
slowking,SV,Focus Punch,TM,
heracross,SV,Focus Punch,TM,
sneasel,SV,Focus Punch,TM,
sneasel-hisui,SV,Focus Punch,TM,
teddiursa,SV,Focus Punch,TM,
ursaring,SV,Focus Punch,TM,
delibird,SV,Focus Punch,TM,
blissey,SV,Focus Punch,TM,
tyranitar,SV,Focus Punch,TM,
ludicolo,SV,Focus Punch,TM,
breloom,SV,Focus Punch,TM,
slakoth,SV,Focus Punch,TM,
vigoroth,SV,Focus Punch,TM,
slaking,SV,Focus Punch,TM,
makuhita,SV,Focus Punch,TM,
hariyama,SV,Focus Punch,TM,
sableye,SV,Focus Punch,TM,
meditite,SV,Focus Punch,TM,
medicham,SV,Focus Punch,TM,
volbeat,SV,Focus Punch,TM,
illumise,SV,Focus Punch,TM,
grumpig,SV,Focus Punch,TM,
cacnea,SV,Focus Punch,TM,
cacturne,SV,Focus Punch,TM,
zangoose,SV,Focus Punch,TM,
dusclops,SV,Focus Punch,TM,
groudon,SV,Focus Punch,TM,
chimchar,SV,Focus Punch,TM,
monferno,SV,Focus Punch,TM,
infernape,SV,Focus Punch,TM,
buizel,SV,Focus Punch,TM,
floatzel,SV,Focus Punch,TM,
ambipom,SV,Focus Punch,TM,
munchlax,SV,Focus Punch,TM,
riolu,SV,Focus Punch,TM,
lucario,SV,Focus Punch,TM,
croagunk,SV,Focus Punch,TM,
toxicroak,SV,Focus Punch,TM,
abomasnow,SV,Focus Punch,TM,
weavile,SV,Focus Punch,TM,
gallade,SV,Focus Punch,TM,
dusknoir,SV,Focus Punch,TM,
darkrai,SV,Focus Punch,TM,
timburr,SV,Focus Punch,TM,
gurdurr,SV,Focus Punch,TM,
conkeldurr,SV,Focus Punch,TM,
krokorok,SV,Focus Punch,TM,
krookodile,SV,Focus Punch,TM,
zorua-hisui,SV,Focus Punch,TM,
zoroark-hisui,SV,Focus Punch,TM,
eelektross,SV,Focus Punch,TM,
cubchoo,SV,Focus Punch,TM,
beartic,SV,Focus Punch,TM,
mienfoo,SV,Focus Punch,TM,
mienshao,SV,Focus Punch,TM,
meloetta-aria,SV,Focus Punch,TM,
meloetta-pirouette,SV,Focus Punch,TM,
chespin,SV,Focus Punch,TM,
quilladin,SV,Focus Punch,TM,
chesnaught,SV,Focus Punch,TM,
hawlucha,SV,Focus Punch,TM,
goodra,SV,Focus Punch,TM,
hoopa-confined,SV,Focus Punch,TM,
hoopa-unbound,SV,Focus Punch,TM,
decidueye-hisui,SV,Focus Punch,TM,
gumshoos,SV,Focus Punch,TM,
crabrawler,SV,Focus Punch,TM,
crabominable,SV,Focus Punch,TM,
lycanroc-midnight,SV,Focus Punch,TM,
passimian,SV,Focus Punch,TM,
jangmo-o,SV,Focus Punch,TM,
hakamo-o,SV,Focus Punch,TM,
kommo-o,SV,Focus Punch,TM,
rillaboom,SV,Focus Punch,TM,
grimmsnarl,SV,Focus Punch,TM,
kubfu,SV,Focus Punch,TM,
urshifu-single,SV,Focus Punch,TM,
urshifu-rapid,SV,Focus Punch,TM,
zarude,SV,Focus Punch,TM,
ursaluna,SV,Focus Punch,TM,
ursaluna-bloodmoon,SV,Focus Punch,TM,
sneasler,SV,Focus Punch,TM,
pawmo,SV,Focus Punch,TM,
pawmot,SV,Focus Punch,TM,
garganacl,SV,Focus Punch,TM,
palafin-zero,SV,Focus Punch,TM,
palafin-hero,SV,Focus Punch,TM,
annihilape,SV,Focus Punch,TM,
iron-hands,SV,Focus Punch,TM,
gholdengo,SV,Focus Punch,TM,
koraidon,SV,Focus Punch,TM,
okidogi,SV,Focus Punch,TM,
charmander,SV,Weather Ball,TM,
charmeleon,SV,Weather Ball,TM,
charizard,SV,Weather Ball,TM,
vulpix,SV,Weather Ball,TM,
vulpix-alola,SV,Weather Ball,TM,
ninetales,SV,Weather Ball,TM,
ninetales-alola,SV,Weather Ball,TM,
poliwag,SV,Weather Ball,TM,
poliwhirl,SV,Weather Ball,TM,
poliwrath,SV,Weather Ball,TM,
bellsprout,SV,Weather Ball,TM,
weepinbell,SV,Weather Ball,TM,
victreebel,SV,Weather Ball,TM,
slowpoke,SV,Weather Ball,TM,
slowpoke-galar,SV,Weather Ball,TM,
slowbro,SV,Weather Ball,TM,
slowbro-galar,SV,Weather Ball,TM,
cloyster,SV,Weather Ball,TM,
eevee,SV,Weather Ball,TM,
vaporeon,SV,Weather Ball,TM,
jolteon,SV,Weather Ball,TM,
flareon,SV,Weather Ball,TM,
articuno,SV,Weather Ball,TM,
zapdos,SV,Weather Ball,TM,
moltres,SV,Weather Ball,TM,
dragonair,SV,Weather Ball,TM,
dragonite,SV,Weather Ball,TM,
mewtwo,SV,Weather Ball,TM,
mew,SV,Weather Ball,TM,
politoed,SV,Weather Ball,TM,
sunkern,SV,Weather Ball,TM,
sunflora,SV,Weather Ball,TM,
espeon,SV,Weather Ball,TM,
umbreon,SV,Weather Ball,TM,
slowking,SV,Weather Ball,TM,
slowking-galar,SV,Weather Ball,TM,
delibird,SV,Weather Ball,TM,
lotad,SV,Weather Ball,TM,
lombre,SV,Weather Ball,TM,
ludicolo,SV,Weather Ball,TM,
nuzleaf,SV,Weather Ball,TM,
shiftry,SV,Weather Ball,TM,
pelipper,SV,Weather Ball,TM,
masquerain,SV,Weather Ball,TM,
torkoal,SV,Weather Ball,TM,
altaria,SV,Weather Ball,TM,
whiscash,SV,Weather Ball,TM,
milotic,SV,Weather Ball,TM,
snorunt,SV,Weather Ball,TM,
glalie,SV,Weather Ball,TM,
piplup,SV,Weather Ball,TM,
prinplup,SV,Weather Ball,TM,
empoleon,SV,Weather Ball,TM,
gastrodon,SV,Weather Ball,TM,
drifloon,SV,Weather Ball,TM,
drifblim,SV,Weather Ball,TM,
bronzong,SV,Weather Ball,TM,
snover,SV,Weather Ball,TM,
abomasnow,SV,Weather Ball,TM,
leafeon,SV,Weather Ball,TM,
glaceon,SV,Weather Ball,TM,
froslass,SV,Weather Ball,TM,
phione,SV,Weather Ball,TM,
manaphy,SV,Weather Ball,TM,
lilligant,SV,Weather Ball,TM,
lilligant-hisui,SV,Weather Ball,TM,
swanna,SV,Weather Ball,TM,
tornadus-incarnate,SV,Weather Ball,TM,
tornadus-therian,SV,Weather Ball,TM,
thundurus-incarnate,SV,Weather Ball,TM,
thundurus-therian,SV,Weather Ball,TM,
landorus-incarnate,SV,Weather Ball,TM,
landorus-therian,SV,Weather Ball,TM,
greninja,SV,Weather Ball,TM,
vivillon,SV,Weather Ball,TM,
clauncher,SV,Weather Ball,TM,
clawitzer,SV,Weather Ball,TM,
sylveon,SV,Weather Ball,TM,
goodra,SV,Weather Ball,TM,
goodra-hisui,SV,Weather Ball,TM,
volcanion,SV,Weather Ball,TM,
fomantis,SV,Weather Ball,TM,
lurantis,SV,Weather Ball,TM,
raboot,SV,Weather Ball,TM,
cinderace,SV,Weather Ball,TM,
sobble,SV,Weather Ball,TM,
drizzile,SV,Weather Ball,TM,
inteleon,SV,Weather Ball,TM,
cramorant,SV,Weather Ball,TM,
frosmoth,SV,Weather Ball,TM,
eiscue-ice,SV,Weather Ball,TM,
eiscue-noice,SV,Weather Ball,TM,
enamorus-incarnate,SV,Weather Ball,TM,
enamorus-therian,SV,Weather Ball,TM,
smoliv,SV,Weather Ball,TM,
dolliv,SV,Weather Ball,TM,
arboliva,SV,Weather Ball,TM,
armarouge,SV,Weather Ball,TM,
tadbulb,SV,Weather Ball,TM,
bellibolt,SV,Weather Ball,TM,
wattrel,SV,Weather Ball,TM,
kilowattrel,SV,Weather Ball,TM,
rellor,SV,Weather Ball,TM,
rabsca,SV,Weather Ball,TM,
walking-wake,SV,Weather Ball,TM,
bellsprout,SV,Grassy Glide,TM,
weepinbell,SV,Grassy Glide,TM,
victreebel,SV,Grassy Glide,TM,
voltorb-hisui,SV,Grassy Glide,TM,
electrode-hisui,SV,Grassy Glide,TM,
mew,SV,Grassy Glide,TM,
sunflora,SV,Grassy Glide,TM,
lotad,SV,Grassy Glide,TM,
lombre,SV,Grassy Glide,TM,
ludicolo,SV,Grassy Glide,TM,
seedot,SV,Grassy Glide,TM,
nuzleaf,SV,Grassy Glide,TM,
shiftry,SV,Grassy Glide,TM,
cacnea,SV,Grassy Glide,TM,
cacturne,SV,Grassy Glide,TM,
turtwig,SV,Grassy Glide,TM,
grotle,SV,Grassy Glide,TM,
torterra,SV,Grassy Glide,TM,
snover,SV,Grassy Glide,TM,
abomasnow,SV,Grassy Glide,TM,
leafeon,SV,Grassy Glide,TM,
shaymin-land,SV,Grassy Glide,TM,
shaymin-sky,SV,Grassy Glide,TM,
sewaddle,SV,Grassy Glide,TM,
swadloon,SV,Grassy Glide,TM,
leavanny,SV,Grassy Glide,TM,
petilil,SV,Grassy Glide,TM,
lilligant,SV,Grassy Glide,TM,
lilligant-hisui,SV,Grassy Glide,TM,
deerling,SV,Grassy Glide,TM,
sawsbuck,SV,Grassy Glide,TM,
chespin,SV,Grassy Glide,TM,
quilladin,SV,Grassy Glide,TM,
chesnaught,SV,Grassy Glide,TM,
skiddo,SV,Grassy Glide,TM,
gogoat,SV,Grassy Glide,TM,
phantump,SV,Grassy Glide,TM,
trevenant,SV,Grassy Glide,TM,
rowlet,SV,Grassy Glide,TM,
dartrix,SV,Grassy Glide,TM,
decidueye,SV,Grassy Glide,TM,
decidueye-hisui,SV,Grassy Glide,TM,
fomantis,SV,Grassy Glide,TM,
lurantis,SV,Grassy Glide,TM,
bounsweet,SV,Grassy Glide,TM,
steenee,SV,Grassy Glide,TM,
tsareena,SV,Grassy Glide,TM,
grookey,SV,Grassy Glide,TM,
thwackey,SV,Grassy Glide,TM,
rillaboom,SV,Grassy Glide,TM,
flapple,SV,Grassy Glide,TM,
appletun,SV,Grassy Glide,TM,
zarude,SV,Grassy Glide,TM,
sprigatito,SV,Grassy Glide,TM,
floragato,SV,Grassy Glide,TM,
meowscarada,SV,Grassy Glide,TM,
bramblin,SV,Grassy Glide,TM,
brambleghast,SV,Grassy Glide,TM,
toedscool,SV,Grassy Glide,TM,
toedscruel,SV,Grassy Glide,TM,
capsakid,SV,Grassy Glide,TM,
scovillain,SV,Grassy Glide,TM,
dipplin,SV,Grassy Glide,TM,
ogerpon-teal,SV,Grassy Glide,TM,
ogerpon-wellspring,SV,Grassy Glide,TM,
ogerpon-hearthflame,SV,Grassy Glide,TM,
ogerpon-cornerstone,SV,Grassy Glide,TM,
vulpix,SV,Burning Jealousy,TM,
ninetales,SV,Burning Jealousy,TM,
persian-alola,SV,Burning Jealousy,TM,
flareon,SV,Burning Jealousy,TM,
moltres,SV,Burning Jealousy,TM,
mew,SV,Burning Jealousy,TM,
cyndaquil,SV,Burning Jealousy,TM,
quilava,SV,Burning Jealousy,TM,
typhlosion,SV,Burning Jealousy,TM,
typhlosion-hisui,SV,Burning Jealousy,TM,
misdreavus,SV,Burning Jealousy,TM,
magcargo,SV,Burning Jealousy,TM,
houndour,SV,Burning Jealousy,TM,
houndoom,SV,Burning Jealousy,TM,
torkoal,SV,Burning Jealousy,TM,
banette,SV,Burning Jealousy,TM,
chimchar,SV,Burning Jealousy,TM,
monferno,SV,Burning Jealousy,TM,
infernape,SV,Burning Jealousy,TM,
mismagius,SV,Burning Jealousy,TM,
skuntank,SV,Burning Jealousy,TM,
spiritomb,SV,Burning Jealousy,TM,
heatran,SV,Burning Jealousy,TM,
zorua,SV,Burning Jealousy,TM,
zorua-hisui,SV,Burning Jealousy,TM,
zoroark,SV,Burning Jealousy,TM,
zoroark-hisui,SV,Burning Jealousy,TM,
litwick,SV,Burning Jealousy,TM,
lampent,SV,Burning Jealousy,TM,
chandelure,SV,Burning Jealousy,TM,
fennekin,SV,Burning Jealousy,TM,
braixen,SV,Burning Jealousy,TM,
delphox,SV,Burning Jealousy,TM,
pyroar,SV,Burning Jealousy,TM,
trevenant,SV,Burning Jealousy,TM,
salandit,SV,Burning Jealousy,TM,
salazzle,SV,Burning Jealousy,TM,
mimikyu,SV,Burning Jealousy,TM,
scorbunny,SV,Burning Jealousy,TM,
raboot,SV,Burning Jealousy,TM,
cinderace,SV,Burning Jealousy,TM,
impidimp,SV,Burning Jealousy,TM,
morgrem,SV,Burning Jealousy,TM,
grimmsnarl,SV,Burning Jealousy,TM,
scovillain,SV,Burning Jealousy,TM,
chi-yu,SV,Burning Jealousy,TM,
psyduck,SV,Flip Turn,TM,
golduck,SV,Flip Turn,TM,
vaporeon,SV,Flip Turn,TM,
mew,SV,Flip Turn,TM,
qwilfish,SV,Flip Turn,TM,
milotic,SV,Flip Turn,TM,
luvdisc,SV,Flip Turn,TM,
piplup,SV,Flip Turn,TM,
prinplup,SV,Flip Turn,TM,
empoleon,SV,Flip Turn,TM,
buizel,SV,Flip Turn,TM,
floatzel,SV,Flip Turn,TM,
finneon,SV,Flip Turn,TM,
lumineon,SV,Flip Turn,TM,
phione,SV,Flip Turn,TM,
manaphy,SV,Flip Turn,TM,
oshawott,SV,Flip Turn,TM,
dewott,SV,Flip Turn,TM,
samurott,SV,Flip Turn,TM,
samurott-hisui,SV,Flip Turn,TM,
basculin-red,SV,Flip Turn,TM,
basculin-blue,SV,Flip Turn,TM,
basculin-white,SV,Flip Turn,TM,
swanna,SV,Flip Turn,TM,
alomomola,SV,Flip Turn,TM,
skrelp,SV,Flip Turn,TM,
dragalge,SV,Flip Turn,TM,
clauncher,SV,Flip Turn,TM,
clawitzer,SV,Flip Turn,TM,
bruxish,SV,Flip Turn,TM,
inteleon,SV,Flip Turn,TM,
arrokuda,SV,Flip Turn,TM,
barraskewda,SV,Flip Turn,TM,
eiscue-ice,SV,Flip Turn,TM,
eiscue-noice,SV,Flip Turn,TM,
basculegion-male,SV,Flip Turn,TM,
basculegion-female,SV,Flip Turn,TM,
quaxwell,SV,Flip Turn,TM,
quaquaval,SV,Flip Turn,TM,
palafin-zero,SV,Flip Turn,TM,
palafin-hero,SV,Flip Turn,TM,
veluza,SV,Flip Turn,TM,
iron-bundle,SV,Flip Turn,TM,
walking-wake,SV,Flip Turn,TM,
clefairy,SV,Dual Wingbeat,TM,
clefable,SV,Dual Wingbeat,TM,
scyther,SV,Dual Wingbeat,TM,
articuno,SV,Dual Wingbeat,TM,
articuno-galar,SV,Dual Wingbeat,TM,
zapdos,SV,Dual Wingbeat,TM,
zapdos-galar,SV,Dual Wingbeat,TM,
moltres,SV,Dual Wingbeat,TM,
moltres-galar,SV,Dual Wingbeat,TM,
mew,SV,Dual Wingbeat,TM,
hoothoot,SV,Dual Wingbeat,TM,
noctowl,SV,Dual Wingbeat,TM,
murkrow,SV,Dual Wingbeat,TM,
gligar,SV,Dual Wingbeat,TM,
scizor,SV,Dual Wingbeat,TM,
delibird,SV,Dual Wingbeat,TM,
wingull,SV,Dual Wingbeat,TM,
pelipper,SV,Dual Wingbeat,TM,
masquerain,SV,Dual Wingbeat,TM,
swablu,SV,Dual Wingbeat,TM,
altaria,SV,Dual Wingbeat,TM,
salamence,SV,Dual Wingbeat,TM,
empoleon,SV,Dual Wingbeat,TM,
starly,SV,Dual Wingbeat,TM,
staravia,SV,Dual Wingbeat,TM,
staraptor,SV,Dual Wingbeat,TM,
vespiquen,SV,Dual Wingbeat,TM,
honchkrow,SV,Dual Wingbeat,TM,
yanmega,SV,Dual Wingbeat,TM,
gliscor,SV,Dual Wingbeat,TM,
palkia,SV,Dual Wingbeat,TM,
giratina-altered,SV,Dual Wingbeat,TM,
giratina-origin,SV,Dual Wingbeat,TM,
rufflet,SV,Dual Wingbeat,TM,
braviary,SV,Dual Wingbeat,TM,
braviary-hisui,SV,Dual Wingbeat,TM,
vullaby,SV,Dual Wingbeat,TM,
mandibuzz,SV,Dual Wingbeat,TM,
hydreigon,SV,Dual Wingbeat,TM,
volcarona,SV,Dual Wingbeat,TM,
fletchling,SV,Dual Wingbeat,TM,
fletchinder,SV,Dual Wingbeat,TM,
talonflame,SV,Dual Wingbeat,TM,
hawlucha,SV,Dual Wingbeat,TM,
noibat,SV,Dual Wingbeat,TM,
noivern,SV,Dual Wingbeat,TM,
rowlet,SV,Dual Wingbeat,TM,
dartrix,SV,Dual Wingbeat,TM,
decidueye,SV,Dual Wingbeat,TM,
decidueye-hisui,SV,Dual Wingbeat,TM,
oricorio-baile,SV,Dual Wingbeat,TM,
oricorio-pom-pom,SV,Dual Wingbeat,TM,
oricorio-pau,SV,Dual Wingbeat,TM,
oricorio-sensu,SV,Dual Wingbeat,TM,
ribombee,SV,Dual Wingbeat,TM,
rookidee,SV,Dual Wingbeat,TM,
corvisquire,SV,Dual Wingbeat,TM,
corviknight,SV,Dual Wingbeat,TM,
flapple,SV,Dual Wingbeat,TM,
cramorant,SV,Dual Wingbeat,TM,
kleavor,SV,Dual Wingbeat,TM,
squawkabilly-green,SV,Dual Wingbeat,TM,
squawkabilly-blue,SV,Dual Wingbeat,TM,
squawkabilly-yellow,SV,Dual Wingbeat,TM,
squawkabilly-white,SV,Dual Wingbeat,TM,
wattrel,SV,Dual Wingbeat,TM,
kilowattrel,SV,Dual Wingbeat,TM,
bombirdier,SV,Dual Wingbeat,TM,
flamigo,SV,Dual Wingbeat,TM,
dudunsparce-two-segment,SV,Dual Wingbeat,TM,
dudunsparce-three-segment,SV,Dual Wingbeat,TM,
slither-wing,SV,Dual Wingbeat,TM,
iron-jugulis,SV,Dual Wingbeat,TM,
koraidon,SV,Dual Wingbeat,TM,
fezandipiti,SV,Dual Wingbeat,TM,
gastly,SV,Poltergeist,TM,
haunter,SV,Poltergeist,TM,
gengar,SV,Poltergeist,TM,
mew,SV,Poltergeist,TM,
typhlosion-hisui,SV,Poltergeist,TM,
misdreavus,SV,Poltergeist,TM,
sableye,SV,Poltergeist,TM,
shuppet,SV,Poltergeist,TM,
banette,SV,Poltergeist,TM,
duskull,SV,Poltergeist,TM,
dusclops,SV,Poltergeist,TM,
mismagius,SV,Poltergeist,TM,
spiritomb,SV,Poltergeist,TM,
dusknoir,SV,Poltergeist,TM,
froslass,SV,Poltergeist,TM,
rotom,SV,Poltergeist,TM,
rotom-frost,SV,Poltergeist,TM,
rotom-heat,SV,Poltergeist,TM,
rotom-mow,SV,Poltergeist,TM,
rotom-fan,SV,Poltergeist,TM,
rotom-wash,SV,Poltergeist,TM,
giratina-altered,SV,Poltergeist,TM,
giratina-origin,SV,Poltergeist,TM,
zoroark-hisui,SV,Poltergeist,TM,
litwick,SV,Poltergeist,TM,
lampent,SV,Poltergeist,TM,
chandelure,SV,Poltergeist,TM,
phantump,SV,Poltergeist,TM,
trevenant,SV,Poltergeist,TM,
decidueye,SV,Poltergeist,TM,
sandygast,SV,Poltergeist,TM,
palossand,SV,Poltergeist,TM,
sinistea,SV,Poltergeist,TM,
polteageist,SV,Poltergeist,TM,
spectrier,SV,Poltergeist,TM,
skeledirge,SV,Poltergeist,TM,
ceruledge,SV,Poltergeist,TM,
bramblin,SV,Poltergeist,TM,
brambleghast,SV,Poltergeist,TM,
rabsca,SV,Poltergeist,TM,
greavard,SV,Poltergeist,TM,
houndstone,SV,Poltergeist,TM,
flutter-mane,SV,Poltergeist,TM,
gholdengo,SV,Poltergeist,TM,
poltchageist,SV,Poltergeist,TM,
sinistcha,SV,Poltergeist,TM,
munkidori,SV,Poltergeist,TM,
ekans,SV,Lash Out,TM,
arbok,SV,Lash Out,TM,
meowth,SV,Lash Out,TM,
meowth-alola,SV,Lash Out,TM,
meowth-galar,SV,Lash Out,TM,
persian,SV,Lash Out,TM,
persian-alola,SV,Lash Out,TM,
mankey,SV,Lash Out,TM,
primeape,SV,Lash Out,TM,
muk,SV,Lash Out,TM,
muk-alola,SV,Lash Out,TM,
tauros,SV,Lash Out,TM,
tauros-combat,SV,Lash Out,TM,
tauros-blaze,SV,Lash Out,TM,
tauros-aqua,SV,Lash Out,TM,
gyarados,SV,Lash Out,TM,
moltres-galar,SV,Lash Out,TM,
mewtwo,SV,Lash Out,TM,
mew,SV,Lash Out,TM,
umbreon,SV,Lash Out,TM,
murkrow,SV,Lash Out,TM,
qwilfish-hisui,SV,Lash Out,TM,
sneasel,SV,Lash Out,TM,
sneasel-hisui,SV,Lash Out,TM,
houndour,SV,Lash Out,TM,
houndoom,SV,Lash Out,TM,
pupitar,SV,Lash Out,TM,
tyranitar,SV,Lash Out,TM,
poochyena,SV,Lash Out,TM,
mightyena,SV,Lash Out,TM,
nuzleaf,SV,Lash Out,TM,
shiftry,SV,Lash Out,TM,
vigoroth,SV,Lash Out,TM,
slaking,SV,Lash Out,TM,
hariyama,SV,Lash Out,TM,
sableye,SV,Lash Out,TM,
numel,SV,Lash Out,TM,
camerupt,SV,Lash Out,TM,
cacturne,SV,Lash Out,TM,
seviper,SV,Lash Out,TM,
crawdaunt,SV,Lash Out,TM,
shuppet,SV,Lash Out,TM,
banette,SV,Lash Out,TM,
monferno,SV,Lash Out,TM,
infernape,SV,Lash Out,TM,
empoleon,SV,Lash Out,TM,
mismagius,SV,Lash Out,TM,
honchkrow,SV,Lash Out,TM,
stunky,SV,Lash Out,TM,
skuntank,SV,Lash Out,TM,
spiritomb,SV,Lash Out,TM,
croagunk,SV,Lash Out,TM,
toxicroak,SV,Lash Out,TM,
weavile,SV,Lash Out,TM,
darkrai,SV,Lash Out,TM,
samurott-hisui,SV,Lash Out,TM,
sandile,SV,Lash Out,TM,
krokorok,SV,Lash Out,TM,
krookodile,SV,Lash Out,TM,
zorua,SV,Lash Out,TM,
zorua-hisui,SV,Lash Out,TM,
zoroark,SV,Lash Out,TM,
zoroark-hisui,SV,Lash Out,TM,
lampent,SV,Lash Out,TM,
chandelure,SV,Lash Out,TM,
pawniard,SV,Lash Out,TM,
bisharp,SV,Lash Out,TM,
vullaby,SV,Lash Out,TM,
mandibuzz,SV,Lash Out,TM,
zweilous,SV,Lash Out,TM,
hydreigon,SV,Lash Out,TM,
tornadus-incarnate,SV,Lash Out,TM,
tornadus-therian,SV,Lash Out,TM,
thundurus-incarnate,SV,Lash Out,TM,
thundurus-therian,SV,Lash Out,TM,
goodra-hisui,SV,Lash Out,TM,
phantump,SV,Lash Out,TM,
trevenant,SV,Lash Out,TM,
hoopa-confined,SV,Lash Out,TM,
hoopa-unbound,SV,Lash Out,TM,
lycanroc-midnight,SV,Lash Out,TM,
mudsdale,SV,Lash Out,TM,
impidimp,SV,Lash Out,TM,
morgrem,SV,Lash Out,TM,
grimmsnarl,SV,Lash Out,TM,
perrserker,SV,Lash Out,TM,
morpeko-full-belly,SV,Lash Out,TM,
morpeko-hangry,SV,Lash Out,TM,
urshifu-single,SV,Lash Out,TM,
zarude,SV,Lash Out,TM,
glastrier,SV,Lash Out,TM,
spectrier,SV,Lash Out,TM,
sneasler,SV,Lash Out,TM,
overqwil,SV,Lash Out,TM,
meowscarada,SV,Lash Out,TM,
oinkologne-male,SV,Lash Out,TM,
oinkologne-female,SV,Lash Out,TM,
lokix,SV,Lash Out,TM,
squawkabilly-green,SV,Lash Out,TM,
squawkabilly-blue,SV,Lash Out,TM,
squawkabilly-yellow,SV,Lash Out,TM,
squawkabilly-white,SV,Lash Out,TM,
maschiff,SV,Lash Out,TM,
mabosstiff,SV,Lash Out,TM,
scovillain,SV,Lash Out,TM,
bombirdier,SV,Lash Out,TM,
revavroom,SV,Lash Out,TM,
annihilape,SV,Lash Out,TM,
kingambit,SV,Lash Out,TM,
brute-bonnet,SV,Lash Out,TM,
iron-jugulis,SV,Lash Out,TM,
wo-chien,SV,Lash Out,TM,
chien-pao,SV,Lash Out,TM,
ting-lu,SV,Lash Out,TM,
chi-yu,SV,Lash Out,TM,
roaring-moon,SV,Lash Out,TM,
okidogi,SV,Lash Out,TM,
munkidori,SV,Lash Out,TM,
fezandipiti,SV,Lash Out,TM,
ogerpon-teal,SV,Lash Out,TM,
ogerpon-wellspring,SV,Lash Out,TM,
ogerpon-hearthflame,SV,Lash Out,TM,
ogerpon-cornerstone,SV,Lash Out,TM,
ekans,SV,Scale Shot,TM,
arbok,SV,Scale Shot,TM,
gyarados,SV,Scale Shot,TM,
dratini,SV,Scale Shot,TM,
dragonair,SV,Scale Shot,TM,
dragonite,SV,Scale Shot,TM,
mew,SV,Scale Shot,TM,
dunsparce,SV,Scale Shot,TM,
gligar,SV,Scale Shot,TM,
qwilfish,SV,Scale Shot,TM,
qwilfish-hisui,SV,Scale Shot,TM,
feebas,SV,Scale Shot,TM,
milotic,SV,Scale Shot,TM,
luvdisc,SV,Scale Shot,TM,
rayquaza,SV,Scale Shot,TM,
gible,SV,Scale Shot,TM,
gabite,SV,Scale Shot,TM,
garchomp,SV,Scale Shot,TM,
dialga,SV,Scale Shot,TM,
palkia,SV,Scale Shot,TM,
basculin-red,SV,Scale Shot,TM,
basculin-blue,SV,Scale Shot,TM,
basculin-white,SV,Scale Shot,TM,
krokorok,SV,Scale Shot,TM,
krookodile,SV,Scale Shot,TM,
alomomola,SV,Scale Shot,TM,
axew,SV,Scale Shot,TM,
fraxure,SV,Scale Shot,TM,
haxorus,SV,Scale Shot,TM,
hydreigon,SV,Scale Shot,TM,
skrelp,SV,Scale Shot,TM,
dragalge,SV,Scale Shot,TM,
salandit,SV,Scale Shot,TM,
salazzle,SV,Scale Shot,TM,
jangmo-o,SV,Scale Shot,TM,
hakamo-o,SV,Scale Shot,TM,
kommo-o,SV,Scale Shot,TM,
silicobra,SV,Scale Shot,TM,
sandaconda,SV,Scale Shot,TM,
arrokuda,SV,Scale Shot,TM,
barraskewda,SV,Scale Shot,TM,
regidrago,SV,Scale Shot,TM,
basculegion-male,SV,Scale Shot,TM,
basculegion-female,SV,Scale Shot,TM,
overqwil,SV,Scale Shot,TM,
cyclizar,SV,Scale Shot,TM,
veluza,SV,Scale Shot,TM,
dudunsparce-two-segment,SV,Scale Shot,TM,
dudunsparce-three-segment,SV,Scale Shot,TM,
baxcalibur,SV,Scale Shot,TM,
roaring-moon,SV,Scale Shot,TM,
koraidon,SV,Scale Shot,TM,
clefairy,SV,Misty Explosion,TM,
clefable,SV,Misty Explosion,TM,
jigglypuff,SV,Misty Explosion,TM,
wigglytuff,SV,Misty Explosion,TM,
weezing-galar,SV,Misty Explosion,TM,
mew,SV,Misty Explosion,TM,
marill,SV,Misty Explosion,TM,
azumarill,SV,Misty Explosion,TM,
gardevoir,SV,Misty Explosion,TM,
florges,SV,Misty Explosion,TM,
sylveon,SV,Misty Explosion,TM,
carbink,SV,Misty Explosion,TM,
diancie,SV,Misty Explosion,TM,
magearna,SV,Misty Explosion,TM,
hatterene,SV,Misty Explosion,TM,
enamorus-incarnate,SV,Misty Explosion,TM,
enamorus-therian,SV,Misty Explosion,TM,
scream-tail,SV,Misty Explosion,TM,
